 [
  {"result": "demon_chitin_armor",
    "type": "recipe",
    "category": "CC_ENCHANTED",
    "subcategory": "CSC_ENCHANTED_OTHER",
    "skill_used": "fabrication",
    "skills_required": [ "spellcraft", 3 ],
    "difficulty": 4,
    "time": "1 h",
	"autolearn": true,
	"qualities": [ { "id": "ANVIL", "level": 3 }, { "id": "HAMMER", "level": 3 }, { "id": "CHISEL", "level": 3 } ],
	"tools": [ [ [ "tongs", -1 ] ], [ [ "swage", -1 ] ], [ [ "forge", 400 ] ] ],
	 "components": [
      [ [ "demon_chitin_piece", 20 ], [ "demon_chitin_plate", 10 ] ],
      [ [ "fur", 20 ], [ "tanned_pelt", 3 ], [ "leather", 20 ], [ "tanned_hide", 3 ] ] ] } ] 
   