[
  {
    "id": "demon_chitin_armor",
    "type": "ARMOR",
    "category": "armor",
    "name": "demon armor",
    "//": "Armor crafted from the chitin of some foul creature",
    "description": "Thine armour hath been forged from some foul daemon, which provides ye unrivaled protection from their fires!.",
    "weight": "1073 g",
    "volume": "12 L",
    "price": 1000,
    "price_postapoc": 27500,
    "to_hit": 1,
    "bashing": 1,
    "material": [ "demon_chitin" ],
    "symbol": "#",
    "color": "red",
    "covers": [ "TORSO", "ARMS", "HANDS", "LEGS", "FEET", "HEAD", "EYES", "MOUTH" ],
    "coverage": 100,
    "encumbrance": 20,
    "storage": "0 ml",
    "warmth": 25,
    "material_thickness": 8,
    "environmental_protection": 40,
    "flags": [ "STURDY" ]
  }
]